Rank,Name,Symbol
1,Bitcoin,BTC
2,Ethereum,ETH
3,Tether,USDT
4,USD Coin,USDC
5,BNB,BNB
6,Binance USD,BUSD
7,XRP,XRP
8,Dogecoin,DOGE
9,Cardano,ADA
10,Polygon,MATIC
11,Polkadot,DOT
12,Dai,DAI
13,Shiba Inu,SHIB
14,Solana,SOL
15,TRON,TRX
16,Litecoin,LTC
17,Uniswap,UNI
18,UNUS SED LEO,LEO
19,Wrapped Bitcoin,WBTC
20,Avalanche,AVAX
21,Chainlink,LINK
22,Cosmos,ATOM
23,Ethereum Classic,ETC
24,Monero,XMR
25,Stellar,XLM
26,Toncoin,TON
27,Algorand,ALGO
28,Bitcoin Cash,BCH
29,Cronos,CRO
30,Chiliz,CHZ
31,NEAR Protocol,NEAR
32,Quant,QNT
33,Filecoin,FIL
34,VeChain,VET
35,Flow,FLOW
36,OKB,OKB
37,Chain,XCN
38,Hedera,HBAR
39,Terra Classic,LUNC
40,Internet Computer,ICP
41,MultiversX (Elrond),EGLD
42,ApeCoin,APE
43,EOS,EOS
44,Pax Dollar,USDP
45,Trust Wallet Token,TWT
46,Theta Network,THETA
47,Tezos,XTZ
48,The Sandbox,SAND
49,TrueUSD,TUSD
50,Aave,AAVE
51,Decentraland,MANA
52,Bitcoin SV,BSV
53,USDD,USDD
54,KuCoin Token,KCS
55,Huobi Token,HT
56,Axie Infinity,AXS
57,BitTorrent-New,BTT
58,Neutrino USD,USDN
59,Maker,MKR
60,Gemini Dollar,GUSD
61,BitDAO,BIT
62,Zcash,ZEC
63,Aptos,APT
64,IOTA,MIOTA
65,PAX Gold,PAXG
66,PancakeSwap,CAKE
67,eCash,XEC
68,Synthetix,SNX
69,Klaytn,KLAY
70,Neo,NEO
71,Fantom,FTM
72,BinaryX,BNX
73,Fei USD,FEI
74,The Graph,GRT
75,Mina,MINA
76,EthereumPoW,ETHW
77,THORChain,RUNE
78,Lido DAO,LDO
79,Nexo,NEXO
80,GateToken,GT
81,Dash,DASH
82,Arweave,AR
83,Basic Attention Token,BAT
84,Helium,HNT
85,1inch Network,1INCH
86,Loopring,LRC
87,GMX,GMX
88,Stacks,STX
89,XDC Network,XDC
90,Osmosis,OSMO
91,Enjin Coin,ENJ
92,Kava,KAVA
93,Casper,CSPR
94,Curve DAO Token,CRV
95,Zilliqa,ZIL
96,NEM,XEM
97,Decred,DCR
98,Compound,COMP
99,ImmutableX,IMX
100,Convex Finance,CVX
101,Holo,HOT
102,Ethereum Name Service,ENS
103,Bitcoin Gold,BTG
104,Waves,WAVES
105,Balancer,BAL
106,Ravencoin,RVN
107,Theta Fuel,TFUEL
108,STEPN,GMT
109,IoTeX,IOTX
110,TerraClassicUSD,USTC
111,Oasis Network,ROSE
112,Gnosis,GNO
113,SwissBorg,CHSB
114,yearn.finance,YFI
115,Celo,CELO
116,Qtum,QTUM
117,Terra,LUNA
118,Optimism,OP
119,Golem,GLM
120,Ankr,ANKR
121,Kusama,KSM
122,Gala,GALA
123,ABBC Coin,ABBC
124,Symbol,XYM
125,JUST,JST
126,Livepeer,LPT
127,Harmony,ONE
128,Chia,XCH
129,Kadena,KDA
130,Reserve Rights,RSR
131,Polymath,POLY
132,Moonbeam,GLMR
133,Hive,HIVE
134,OMG Network,OMG
135,Amp,AMP
136,Dogelon Mars,ELON
137,SushiSwap,SUSHI
138,0x,ZRX
139,IOST,IOST
140,WOO Network,WOO
141,Ontology,ONT
142,ICON,ICX
143,BORA,BORA
144,Threshold,T
145,Astar,ASTR
146,dYdX,DYDX
147,Audius,AUDIO
148,Secret,SCRT
149,Flux,FLUX
150,APENFT,NFT
151,Horizen,ZEN
152,Storj,STORJ
153,Injective,INJ
154,Render Token,RNDR
155,Siacoin,SC
156,SXP,SXP
157,WAX,WAXP
158,Braintrust,BTRST
159,UMA,UMA
160,Ribbon Finance,RBN
161,ConstitutionDAO,PEOPLE
162,Energy Web Token,EWT
163,DigiByte,DGB
164,Voyager Token,VGX
165,Celsius,CEL
166,Bone ShibaSwap,BONE
167,Smooth Love Potion,SLP
168,SKALE,SKL
169,DFI.Money,YFII
170,Kyber Network Crystal v2,KNC
171,Lisk,LSK
172,ssv.network,SSV
173,Pundi X (New),PUNDIX
174,PlayDapp,PLA
175,MXC,MXC
176,Tribe,TRIBE
177,Civic,CVC
178,Synapse,SYN
179,Request,REQ
180,CEEK VR,CEEK
181,Mask Network,MASK
182,WINkLink,WIN
183,Nervos Network,CKB
184,Aragon,ANT
185,MX TOKEN,MX
186,MetisDAO,METIS
187,MediBloc,MED
188,Centrifuge,CFG
189,SafePal,SFP
190,API3,API3
191,Nano,XNO
192,Celer Network,CELR
193,COTI,COTI
194,Ocean Protocol,OCEAN
195,Persistence,XPRT
196,Mdex,MDX
197,Syscoin,SYS
198,Ren,REN
199,Ontology Gas,ONG
200,Bitcoin Standard Hashrate Token,BTCST
201,HEX,HEX
202,Wrapped TRON,WTRX
203,Lido Staked ETH,stETH
204,Frax,FRAX
205,Wrapped BNB,WBNB
206,Bitcoin BEP2,BTCB
207,Huobi BTC,HBTC
208,BitTorrent,BTTOLD
209,FTX Token,FTT
210,Tether Gold,XAUT
211,WEMIX,WEMIX
212,GensoKishi Metaverse,MV
213,Counos X,CCXX
214,NXM,NXM
215,DeFiChain,DFI
216,Fruits,FRTS
217,Liquity USD,LUSD
218,LINK,LN
219,Rocket Pool,RPL
220,Safe,SAFE
221,Veritaseum,VERI
222,Bitgert,BRISE
223,Baby Doge Coin,BabyDoge
224,STASIS EURO,EURS
225,HI,HI
226,Telcoin,TEL
227,VVS Finance,VVS
228,Volt Inu V2,VOLT
229,Venus USDC,vUSDC
230,USDX [Kava],USDX
231,ZEON,ZEON
232,Hashflow,HFT
233,Decentralized Social,DESO
234,LUKSO,LYXe
235,Kaspa,KAS
236,DeXe,DEXE
237,Ergo,ERG
238,Sologenic,SOLO
239,AVINOC,AVINOC
240,Creditcoin,CTC
241,Powerledger,POWR
242,DAO Maker,DAO
243,Bifrost,BFC
244,Status,SNT
245,FUNToken,FUN
246,Humanscape,HUM
247,RACA,RACA
248,S.S. Lazio Fan Token,LAZIO
249,Frax Share,FXS
250,Everscale,EVER
251,Bancor,BNT
252,Wrapped Everscale,WEVER
253,Illuvium,ILV
254,Ultra,UOS
255,Spell Token,SPELL
256,NuCypher,NU
257,Pirate Chain,ARRR
258,iExec RLC,RLC
259,Ardor,ARDR
260,Keep Network,KEEP
261,Band Protocol,BAND
262,Vulcan Forged PYR,PYR
263,Function X,FX
264,Dent,DENT
265,H2O DAO,H2O
266,MVL,MVL
267,Prom,PROM
268,MARBLEX,MBX
269,Morpheus.Network,MNW
270,Shentu,CTK
271,Cartesi,CTSI
272,Orbs,ORBS
273,Stratis,STRAX
274,Anyswap,ANY
275,Numeraire,NMR
276,Steem,STEEM
277,Biconomy,BICO
278,LooksRare,LOOKS
279,Phala Network,PHA
280,Chromia,CHR
281,aelf,ELF
282,Reef,REEF
283,Serum,SRM
284,OriginTrail,TRAC
285,Constellation,DAG
286,Rakon,RKN
287,Conflux,CFX
288,renBTC,RENBTC
289,WazirX,WRX
290,Loom Network,LOOM
291,Venus BUSD,vBUSD
292,RichQUACK.com,QUACK
293,Coin98,C98
294,Liquity,LQTY
295,Acala Token,ACA
296,Stargate Finance,STG
297,Augur,REP
298,XYO,XYO
299,Orchid,OXT
300,RSK Smart Bitcoin,RBTC
301,NEST Protocol,NEST
302,cVault.finance,CORE
303,Vai,VAI
304,Biswap,BSW
305,Uquid Coin,UQC
306,XSGD,XSGD
307,Orbit Chain,ORC
308,ONUS,ONUS
309,inSure DeFi,SURE
310,Polymesh,POLYX
311,NKN,NKN
312,Dero,DERO
313,Velas,VLX
314,Radicle,RAD
315,Origin Protocol,OGN
316,Chainbing,CBG
317,Wrapped Velas,WVLX
318,QuarkChain,QKC
319,StormX,STMX
320,Alchemy Pay,ACH
321,Aurora,AURORA
322,Venus,XVS
323,Origin Dollar,OUSD
324,MAGIC,MAGIC
325,Terran Coin,TRR
326,Galxe,GAL
327,JOE,JOE
328,sUSD,SUSD
329,FC Porto Fan Token,PORTO
330,Clash of Lilliput,COL
331,Ampleforth,AMPL
332,Seedify.fund,SFUND
333,Dawn Protocol,DAWN
334,AXEL,AXEL
335,STP,STPT
336,Santos FC Fan Token,SANTOS
337,Adshares,ADS
338,Celo Dollar,CUSD
339,Aavegotchi,GHST
340,Telos,TLOS
341,Moonriver,MOVR
342,Metal DAO,MTL
343,VeThor Token,VTHO
344,Revain,REV
345,Utrust,UTK
346,SingularityNET,AGIX
347,GlitzKoin,GTN
348,Efinity Token,EFI
349,Fetch.ai,FET
350,Ampleforth Governance Token,FORTH
351,Sun (New),SUN
352,MaidSafeCoin,MAID
353,Metadium,META
354,Wirex Token,WXT
355,MobileCoin,MOB
356,Divi,DIVI
357,Vega Protocol,VEGA
358,Hifi Finance,MFT
359,Aergo,AERGO
360,XCAD Network,XCAD
361,WhiteCoin,XWC
362,Euro Coin,EUROC
363,Enzyme,MLN
364,Perpetual Protocol,PERP
365,mStable USD,MUSD
366,Chrono.tech,TIME
367,Electroneum,ETN
368,Maple,MPL
369,Bitcicoin,BITCI
370,Boba Network,BOBA
371,Beta Finance,BETA
372,RSS3,RSS3
373,Krypton DAO,KRD
374,Alien Worlds,TLM
375,SuperFarm,SUPER
376,GameFi.org,GAFI
377,CONUN,CON
378,SOMESING,SSX
379,Alpha Venture DAO,ALPHA
380,DeFi Pulse Index,DPI
381,Bloktopia,BLOK
382,Metacraft,MCT
383,Alpine F1 Team Fan Token,ALPINE
384,Strike,STRK
385,MOBOX,MBOX
386,HedgeTrade,HEDG
387,Rally,RLY
388,Propy,PRO
389,Ark,ARK
390,ASD,ASD
391,Dusk Network,DUSK
392,Saitama,SAITAMA
393,Locus Chain,LOCUS
394,BarnBridge,BOND
395,Verge,XVG
396,MyNeighborAlice,ALICE
397,RSK Infrastructure Framework,RIF
398,Polkastarter,POLS
399,Kunci Coin,KUNCI
400,RAI Finance,SOFI
401,UFO Gaming,UFO
402,Rarible,RARI
403,LCX,LCX
404,HUSD,HUSD
405,e-Radix,EXRD
406,Celo Euro,CEUR
407,DEAPcoin,DEP
408,BakeryToken,BAKE
409,Efforce,WOZX
410,World Mobile Token,WMT
411,Splintershards,SPS
412,Gods Unchained,GODS
413,ThunderCore,TT
414,Ankr Reward Bearing Staked ETH,aETHc
415,MovieBloc,MBL
416,ARPA,ARPA
417,IQ,IQ
418,Venus USDT,vUSDT
419,Marlin,POND
420,smARTOFGIVING,AOG
421,CoinEx Token,CET
422,Alpaca Finance,ALPACA
423,Forta,FORT
424,IDEX,IDEX
425,Cocos-BCX,COCOS
426,Astrafer,ASTRAFER
427,Badger DAO,BADGER
428,Argentine Football Association Fan Token,ARG
429,YooShi,YOOSHI
430,Keep3rV1,KP3R
431,Klever,KLV
432,Brazil National Football Team Fan Token,BFT
433,Travala.com,AVA
434,Orion Protocol,ORN
435,LTO Network,LTO
436,AIOZ Network,AIOZ
437,Litentry,LIT
438,Reserve,RSV
439,TokenPocket,TPT
440,Proton,XPR
441,USDK,USDK
442,Ethernity,ERN
443,?ternity,AE
444,Raydium,RAY
445,GXChain,GXC
446,Starlink,STARL
447,TomoChain,TOMO
448,StreamCoin,STRM
449,Bounce Governance Token,AUCTION
450,Defigram,DFG
451,Alchemix,ALCX
452,Verasity,VRA
453,Mines of Dalarnia,DAR
454,Mint Marble,MIM
455,ICHI,ICHI
456,Cobak Token,CBK
457,Paris Saint-Germain Fan Token,PSG
458,Toko Token,TKO
459,Groestlcoin,GRS
460,Wanchain,WAN
461,DIA,DIA
462,Linear Finance,LINA
463,CLV,CLV
464,Tokenlon Network Token,LON
465,Beefy Finance,BIFI
466,Neblio,NEBL
467,dKargo,DKA
468,HUNT,HUNT
469,Covalent,CQT
470,Tellor,TRB
471,Wrapped KardiaChain,WKAI
472,Star Atlas,ATLAS
473,Ultiledger,ULT
474,Sweat Economy,SWEAT
475,Yield Guild Games,YGG
476,Bitcoin Diamond,BCD
477,Hoo Token,HOO
478,Komodo,KMD
479,Flamingo,FLM
480,Portugal National Team Fan Token,POR
481,Choise.com,CHO
482,Ellipsis,EPS
483,Elitium,EUM
484,Gitcoin,GTC
485,Cult DAO,CULT
486,Swarm,BZZ
487,1eco,1ECO
488,MonaCoin,MONA
489,FC Barcelona Fan Token,BAR
490,Elastos,ELA
491,Steem Dollars,SBD
492,Carry,CRE
493,Kin,KIN
494,BitShares,BTS
495,TROY,TROY
496,KardiaChain,KAI
497,Moss Coin,MOC
498,VerusCoin,VRSC
499,Prosper,PROS
500,Qredo,QRDO
501,CoinLoan,CLT
502,Virtua,TVK
503,KILT Protocol,KILT
504,REI Network,REI
505,CoinPoker,CHP
506,Manchester City Fan Token,CITY
507,Refereum,RFR
508,ONBUFF,ONIT
509,Guild of Guardians,GOG
510,Petals,PTS
511,Mrweb Finance,AMA
512,Akash Network,AKT
513,Sentinel Protocol,UPP
514,Gas,GAS
515,Unifi Protocol DAO,UNFI
516,RMRK,RMRK
517,MiL.k,MLK
518,FirmaChain,"FCT,FCT2"
519,MEVerse,MEV
520,GMT Token,GMT
521,Kava Lend,HARD
522,Harvest Finance,FARM
523,Metahero,HERO
524,Decentral Games,DG
525,Circuits of Value,COVAL
526,XMON,XMON
527,Alpha Quark Token,AQT
528,Bluzelle,BLZ
529,GYEN,GYEN
530,Hermez Network,HEZ
531,Callisto Network,CLO
532,Goldfinch,GFI
533,Unibright,UBT
534,Bella Protocol,BEL
535,TerraKRW,KRT
536,Syntropy,NOIA
537,FIO Protocol,FIO
538,JasmyCoin,JASMY
539,IRISnet,IRIS
540,NvirWorld,NVIR
541,Tokemak,TOKE
542,BENQI,QI
543,Streamr,DATA
544,Firo,FIRO
545,Phantasma,SOUL
546,Merit Circle,MC
547,Contentos,COS
548,Venus XVS,vXVS
549,CENNZnet,CENNZ
550,Boson Protocol,BOSON
551,DXdao,DXD
552,Anchor Protocol,ANC
553,Pitbull,PIT
554,Wing Finance,WING
555,TrueFi,TRU
556,Frontier,FRONT
557,BurgerCities,BURGER
558,SelfKey,KEY
559,NULS,NULS
560,Wilder World,WILD
561,Bytom,BTM
562,Student Coin,STC
563,TrustSwap,SWAP
564,Ambire AdEx,ADX
565,Automata Network,ATA
566,QuickSwap,QUICK
567,Chimpion,BNANA
568,MANTRA,OM
569,Aleph.im,ALEPH
570,Adventure Gold,AGLD
571,RAMP,RAMP
572,Cortex,CTXC
573,StaFi,FIS
574,Presearch,PRE
575,Alethea Artificial Liquid Intelligence Token,ALI
576,AhaToken,AHT
577,Router Protocol,ROUTE
578,Battle World,BWO
579,Nestree,EGG
580,Wrapped NXM,WNXM
581,AMO Coin,AMO
582,Super Zero Protocol,SERO
583,PARSIQ,PRQ
584,Fusion,FSN
585,Assemble Protocol,ASM
586,MAP Protocol,MAP
587,PlatON,LAT
588,Waltonchain,WTC
589,BitMart Token,BMX
590,LATOKEN,LA
591,Hydra,HYDRA
592,rhino.fi,DVF
593,dForce,DF
594,XeniosCoin,XNC
595,Beam,BEAM
596,Phoenix,PHB
597,USDJ,USDJ
598,Saito,SAITO
599,Yield App,YLD
600,Pluton,PLU
601,PIVX,PIVX
602,Namecoin,NMC
603,Mango,MNGO
604,Vectorspace AI,VXV
605,apM Coin,APM
606,MATH,MATH
607,ZIMBOCASH,ZASH
608,HyperDAO,HDAO
609,Karura,KAR
610,Dora Factory,DORA
611,Voxies,VOXEL
612,AirSwap,AST
613,Aion,AION
614,Obyte,GBYTE
615,ApeSwap,BANANA
616,VIDT Datalink,VIDT
617,BIDR,BIDR
618,Measurable Data Token,MDT
619,Tranchess,CHESS
620,SingularityDAO,SDAO
621,DerivaDAO,DDX
622,MILC Platform,MLT
623,EverRise,RISE
624,SifChain,erowan
625,Mithril,MITH
626,Clearpool,CPOOL
627,Bitcoin 2,BTC2
628,Hathor,HTR
629,Akropolis,AKRO
630,Handy,HANDY
631,Kleros,PNK
632,BTSE,BTSE
633,RIZON,ATOLO
634,Metronome,MET
635,DxChain Token,DX
636,Juventus Fan Token,JUV
637,PowerPool,CVP
638,Maro,MARO
639,ApolloX,APX
640,OpenDAO,SOS
641,Green Satoshi Token (SOL),GST
642,MixMarvel,MIX
643,LeverFi,LEVER
644,KOK,KOK
645,Neutrino Token,NSBT
646,Shapeshift FOX Token,FOX
647,VITE,VITE
648,Highstreet,HIGH
649,Spain National Fan Token,SNFT
650,SOLVE,SOLVE
651,AC Milan Fan Token,ACM
652,DODO,DODO
653,Samoyedcoin,SAMO
654,TE-FOOD,TONE
655,district0x,DNT
656,SIX,SIX
657,HOPR,HOPR
658,AirDAO,AMB
659,PolySwarm,NCT
660,Gifto,GTO
661,Pintu Token,PTU
662,Handshake,HNS
663,Dock,DOCK
664,Alitas,ALT
665,Shiba Predator,QOM
666,Apollo Currency,APL
667,DAD,DAD
668,BOSAGORA,BOA
669,Freeway Token,FWT
670,Mirror Protocol,MIR
671,Solend,SLND
672,Kryll,KRL
673,Haven Protocol,XHV
674,Dego Finance,DEGO
675,CUDOS,CUDOS
676,SuperRare,RARE
677,MimbleWimbleCoin,MWC
678,Oxen,OXEN
679,MagicCraft,MCRT
680,Drep [new],DREP
681,0Chain,ZCN
682,Nimiq,NIM
683,Ooki Protocol,OOKI
684,Arcblock,ABT
685,Peercoin,PPC
686,DEXTools,DEXT
687,Mancium,MANC
688,AllianceBlock,ALBT
689,SpookySwap,BOO
690,Gelato,GEL
691,Grid+,GRID
692,ReddCoin,RDD
693,Suku,SUKU
694,SHPING,SHPING
695,Meta Apes,PEEL
696,Bonfida,FIDA
697,Quantum Resistant Ledger,QRL
698,Rai Reflex Index,RAI
699,Electric Vehicle Zone,EVZ
700,Vertcoin,VTC
701,Firebird,PKF
702,Zenon,ZNN
703,ERC20,ERC20
704,Somnium Space Cubes,CUBE
705,Rook,ROOK
706,Bloomzed Loyalty Club Ticket,BLCT
707,Aurox,URUS
708,OVR,OVR
709,BitKan,KAN
710,Carbon Protocol,SWTH
711,Position Exchange,POSI
712,DeRace,DERC
713,Push Protocol,PUSH
714,Lattice Token,LTX
715,Viberate,VIB
716,Energi,NRG
717,Inflation Hedging Coin,IHC
718,Auto,AUTO
719,Cryptex Finance,CTX
720,PEAKDEFI,PEAK
721,SONM (BEP-20),SNM
722,Quantstamp,QSP
723,ForTube,FOR
724,ZKSpace,ZKS
725,Rupiah Token,IDRT
726,Arsenal Fan Token,AFC
727,Sperax,SPA
728,1irstcoin,FST
729,Dvision Network,DVI
730,Metars Genesis,MRS
731,BabySwap,BABY
732,pNetwork,PNT
733,TitanSwap,TITAN
734,Newscrypto,NWC
735,Aventus,AVT
736,OAX,OAX
737,Atletico De Madrid Fan Token,ATM
738,Bitball Treasure,BTRS
739,Particl,PART
740,DigitalBits,XDB
741,MileVerse,MVC
742,Electra Protocol,XEP
743,BLOCKv,VEE
744,Hegic,HEGIC
745,MCDEX Token,MCB
746,Insights Network,INSTAR
747,Invictus Hyperion Fund,IHF
748,GET Protocol,GET
749,Hoge Finance,HOGE
750,Shiden Network,SDN
751,PERL.eco,PERL
752,STAKE,STAKE
753,UniCrypt,UNCX
754,MintMe.com Coin,MINTME
755,Polkadex,PDEX
756,Deeper Network,DPR
757,WaykiChain,WICC
758,BitForex Token,BF
759,RFOX,RFOX
760,Pallapay,PALLA
761,NFTX,NFTX
762,PRIZM,PZM
763,BASIC,BASIC
764,Inter Milan Fan Token,INTER
765,Diamond,DMD
766,SENSO,SENSO
767,Adappter Token,ADP
768,WHALE,WHALE
769,Loss,LSS
770,Global Coi,GCR
771,Galatasara,GAL
772,Zebec Protocol,ZBC
773,Pendle,PENDLE
774,Stratos,STOS
775,BSCPAD,BSCPAD
776,Cajutel,CAJ
777,UniLend,UFT
778,Findora,FRA
779,ScPrime,SCP
780,BUX Token,BUX
781,Wrapped NCG (Nine Chronicles Gold),WNCG
782,SORA,XOR
783,Shyft Network,SHFT
784,GoChain,GO
785,Counterparty,XCP
786,Civilization,CIV
787,Cere Network,CERE
788,Marinade Staked SOL,MSOL
789,Vita,VINU
790,LBRY C,LBC
791,Flamengo ,MENGO
792,League of Ki,LOKA
793,King,KDAG
794,Ar,ARV
795,Hacken,HAI
796,ET,ETHAX
797,TE,TEMCO
798,Cratos,CRTS
799,XDEFI Wallet,XDEFI
800,Receive Access Ecosystem,RAE
801,GoCrypto Token,GOC
802,VIMworld,VEED
803,Gari Network,GARI
804,Crypterium,CRPT
805,Dacxi,DACXI
806,NewYork Exchange,NYE
807,AS Roma Fan Token,ASR
808,TABOO TOKEN,TABOO
809,Shiryo,SHIRYO
810,HAPI Protocol,HAPI
811,Thetan Arena,THG
812,Wabi,WABI
813,MonkeyLeague,MBS
814,Emirex Token,EMRX
815,Qui,QTCON
816,Pang,PNG
817,Epic,EPIC
818,Infini,IPAD
819,Prox,XPX
820,Reap,REAP
821,Eve,ID
822,DigixDAO,DGD
823,Retreeb,TREEB
824,Validity,VAL
825,SaTT,SATT
826,Unisocks,SOCKS
827,Monavale,MONA
828,Altura,ALU
829,MandoX V2,MANDOX
830,QuadrantProtocol,EQUAD
831,Permission Coin,ASK
832,SHILL Token,SHILL
833,Venus DAI,vDAI
834,Unification,FUND
835,Misbloc,MSB
836,Sylo,SYLO
837,Dimecoin,DIME
838,Observer,OBSR
839,Darwinia Network,RING
840,RocketX exchange,RVF
841,QASH,QASH
842,Cellframe,CELL
843,Banano,BAN
844,Soda Coin,SOC
845,ELYSIA,EL
846,Voxel X Network,VXL
847,Atomic Wallet Coin,AWC
848,Venus Reward Token,VRT
849,Arianee,ARIA20
850,Monero Classic,XMC
851,Victoria VR,VR
852,Metaverse.Network Pioneer,NEER
853,Tornado Cash,TORN
854,FOAM,FOAM
855,Numbers Protocol,NUM
856,Rainicorn,RAINI
857,Era Swap,ES
858,BnkToTheFuture,BFT
859,Crust Network,CRU
860,Hibl,HIBS
861,Na,NEX
862,BEPRO ,BEPRO
863,Buyin,BUY
864,ProBit,PROB
865,Carbon,CCT
866,Wombat ,WOM
867,OG Fan Token,OG
868,Venus LTC,vLTC
869,Sovryn,SOV
870,PearDAO,PEX
871,BigONE Token,ONE
872,Rari Governance Token,RGT
873,Huobi Pool Token,HPT
874,GuildFi,GF
875,Bitrue Coin,BTR
876,QLC Chain,QLC
877,Molecular Future,MOF
878,AAX Token,AAB
879,BoringDAO,BOR
880,Swash,SWASH
881,Memetic / PepeCoin,MEME
882,Unicly CryptoPunks Collection,UPUNK
883,The Transfer Token,TTT
884,Mobius,MOBI
885,TiFi Token,TIFI
886,GamerCoin,GHX
887,Woonkly Power,WOOP
888,Chainge,CHNG
889,Nexus,NXS
890,Bytecoin,BCN
891,Gulf Coin,GULF
892,SwftCoin,SWFTC
893,Ternoa,CAPS
894,Inverse Finance,INV
895,Crypton,CRP
896,Project WITH,WIKEN
897,Valobit,VBIT
898,Santiment Network Token,SAN
899,Jupiter,JUP
900,Trabzonspor Fan Token,TRA
901,ChainGuardians,CGG
902,Cream Finance,CREAM
903,ILCOIN,ILC
904,ASTA,ASTA
905,Genopets,GENE
906,AnimalGo,GOM2
907,MetaSoccer,MSU
908,Town Star,TOWN
909,ChainX,PCX
910,Enecuum,ENQ
911,Xaya,CHI
912,Tokenomy,TEN
913,Muse,MUSE
914,Nakamoto Games,NAKA
915,Sentinel,DVPN
916,Zynecoin,ZYN
917,Dragonchain,DRGN
918,BetU,BETU
919,TRVL,TRVL
920,Mobilian Coin,MBN
921,Tadpole Finance,TAD
922,Factom,FCT
923,TrustVerse,TRV
924,REVV,REVV
925,NuriFo,NRFB
926,Cas,CAS
927,NFT Worlds,WRLD
928,CACHE Gold,CGT
929,Govi,GOVI
930,POA Network,POA
931,MEET.ONE,MEETONE
932,HyperCash,HC
933,Edgeless,EDG
934,bitCNY,BITCNY
935,Gamium,GMM
936,TOKPIE,TKP
937,Poolz Finance,POOLZ
938,SIDUS,SIDUS
939,Napoli Fan Token,NAP
940,Vidya,VIDYA
941,LABEL Foundation,LBL
942,MASQ,MASQ
943,Kasta,KASTA
944,Valor Token,VALOR
945,Venus LINK,vLINK
946,#MetaHash,MHC
947,EPIK Prime,EPIK
948,Grin,GRIN
949,Mysterium,MYST
950,GPEX,GPX
951,Polkamarkets,POLK
952,DogeBonk,DOBO
953,Oxbull.tech,OXB
954,DSLA Protocol,DSLA
955,Minter Network,BIP
956,1World,1WO
957,Fenerbah?e Token,FB
958,Newton,NEW
959,DeFi Yield Protocol,DYP
960,GAMEE,GMEE
961,Origin Dollar Governance,OGV
962,Raiden Network Token,RDN
963,Monetha,MTH
964,Jobchain,JOB
965,Skeb Coin,SKEB
966,vEmpire DDAO,VEMP
967,Star Atlas DAO,POLIS
968,Solanium,SLIM
969,Zano,ZANO
970,Atari Token,ATRI
971,Populous,PPT
972,Signum,SIGNA
973,Stader,SD
974,ShareToken,SHR
975,CumRocket,CUMMIES
976,dHedge DAO,DHT
977,Kromatika,KROM
978,Deri Protocol,DERI
979,Era Token (Era7),ERA
980,Vivid Labs,VID
981,Glitch,GLCH
982,UFC Fan Token,UFC
983,DeFine,DFA
984,Zigcoin,ZIG
985,Fuse Network,FUSE
986,Torum,XTM
987,PKT,PKT
988,Dfyn Network,DFYN
989,Kylin,KYL
990,OpenOcean,OOE
991,Exeedme,XED
992,OTOCASH,OTO
993,Navcoin,NAV
994,saffron.finance,SFI
995,BaaSid,BAAS
996,NanoByte Token,NBT
997,ChangeNOW Token,NOW
998,Decimal,DEL
999,CryptoFranc,XCHF
1000,Vesper,VSP
1001,Edgeware,EDG
1002,FortKnoxster,FKX
1003,Nxt,NXT
1004,ROOBEE,ROOBEE
1005,StackOs,STACK
1006,LGCY Network,LGCY
1007,SafeMoon,SAFEMOON
1008,Xeno Token,XNO
1009,StrikeX,STRX
1010,Aurory,AURY
1011,PointPay,PXP
1012,Tokamak Network,TON
1013,MultiVAC,MTV
1014,NerveNetwork,NVT
1015,pSTAKE Finance,PSTAKE
1016,InsurAce,INSUR
1017,Lunar,LNR
1018,Mint Club,MINT
1019,Impossible Finance Launchpad,IDIA
1020,Green Satoshi Token (BSC),GST
1021,Plian,PI
1022,BioPassport Token,BIOT
1023,Hamster,HAM
1024,WOM Protocol,WOM
1025,Ignis,IGNIS
1026,PolkaBridge,PBR
1027,YAM V3,YAM
1028,Wownero,WOW
1029,Aidos Kuneen,ADK
1030,Footballcoin (XFC),XFC
1031,Skey Network,SKEY
1032,Linker Coin,LNC
1033,TenX,PAY
1034,Covesting,COV
1035,Cardstack,CARD
1036,LikeCoin,LIKE
1037,KARMA,KARMA
1038,The Coop Network,GMD
1039,Diamond Launch,DLC
1040,Juggernaut,JGN
1041,Uno Re,UNO
1042,O3 Swap,O3
1043,Dovu,DOV
1044,Stronghold Token,SHX
1045,Calamari Network,KMA
1046,SALT,SALT
1047,Reflexer Ungovernance Token,FLX
1048,Green Satoshi Token (ETH),GST
1049,CropBytes,CBX
1050,MahaDAO,MAHA
1051,Abyss,ABYSS
1052,Revolt 2 Earn,RVLT
1053,Bitcoin Private,BTCP
1054,Neighbourhoods,NHT
1055,Origin Sport,ORS
1056,BiFi,BIFI
1057,Life Crypto,LIFE
1058,v.systems,VSYS
1059,GMCoin,GMCOIN
1060,Prism,PRISM
1061,BitNautic Token,BTNT
1062,Ghost,GHOST
1063,DeFi Land,DFL
1064,BullPerks,BLP
1065,PAC Protocol,PAC
1066,Nyancoin,NYAN
1067,Carboncoin,CARBON
1068,DECOIN,DTEP
1069,Tokoin,TOKO
1070,Opulous,OPUL
1071,Shirtum,SHI
1072,TOWER,TOWER
1073,Etherisc DIP Token,DIP
1074,All Sports,SOC
1075,BABB,BAX
1076,SunContract,SNC
1077,Xend Finance,XEND
1078,Rubic,RBC
1079,Blockchain Brawlers,BRWL
1080,Belt Finance,BELT
1081,KALM,KALM
1082,PlanetWatch,PLANETS
1083,Modefi,MOD
1084,BHPCoin,BHP
1085,Lamden,TAU
1086,Bao Finance,BAO
1087,CONTRACOIN,CTCN
1088,Gameswap,GSWAP
1089,Adora Token,ARA
1090,Dotmoovs,MOOV
1091,Platypus Finance,PTP
1092,Kryptomon,KMON
1093,Robonomics.network,XRT
1094,Strips Finance,STRP
1095,Seele-N,SEELE
1096,Lithium,LITH
1097,ParaSwap,PSP
1098,Cirus Foundation,CIRUS
1099,Rotharium,RTH
1100,EOSDT,EOSDT
1101,Trias Token (new),TRIAS
1102,RChain,REV
1103,Polychain Monsters,PMON
1104,Skycoin,SKY
1105,AXIS Token,AXIS
1106,WeWay,WWY
1107,Perth Mint Gold Token,PMGT
1108,Bloom,BLT
1109,MAPS,MAPS
1110,GameCredits,GAME
1111,Grimm,GRIMM
1112,mStable Governance Token: Meta (MTA),MTA
1113,NFT Art Finance,NFTART
1114,ColossusXT,COLX
1115,Valencia CF Fan Token,VCF
1116,Blocery,BLY
1117,Agoras: Currency of Tau,AGRS
1118,Oraichain,ORAI
1119,Gridcoin,GRC
1120,TriumphX,TRIX
1121,Sentivate,SNTVT
1122,OneArt,1ART
1123,ZooKeeper,ZOO
1124,Onooks,OOKS
1125,Monolith,TKN
1126,Razor Network,RAZOR
1127,Digix Gold Token,DGX
1128,Venus DOT,vDOT
1129,Aurora,AOA
1130,TNC Coin,TNC
1131,Sinverse,SIN
1132,Time New Bank,TNB
1133,Digital Fitness,DEFIT
1134,EvidenZ,BCDT
1135,FREEdom Coin,FREE
1136,Decentral Games ICE,ICE
1137,GTONCapital,GTON
1138,VestChain,VEST
1139,Lambda,LAMB
1140,StakeCubeCoin,SCC
1141,Konomi Network,KONO
1142,Swingby,SWINGBY
1143,Pickle Finance,PICKLE
1144,G?ztepe S.K. Fan Token,GOZ
1145,MetagamZ,METAG
1146,Venus SXP,vSXP
1147,Metaverse ETP,ETP
1148,OneLedger,OLT
1149,Sonar,PING
1150,BOLT,BOLT
1151,SparkPoint,SRK
1152,Ferrum Network,FRM
1153,Dogs Of Elon,DOE
1154,SafeCoin,SAFE
1155,K21,K21
1156,Morpheus Labs,MITX
1157,Landshare,LAND
1158,LABS Group,LABS
1159,S.C. Corinthians Fan Token,SCCP
1160,Offshift,XFT
1161,CloakCoin,CLOAK
1162,e-Money,NGM
1163,Velo,VELO
1164,Ispolink,ISP
1165,GNY,GNY
1166,Grove,GVR
1167,Hord,HORD
1168,suterusu,SUTER
1169,Taraxa,TARA
1170,Smart MFG,MFG
1171,Safex Token,SFT
1172,Geeq,GEEQ
1173,MetaPets,METAPETS
1174,Isiklar Coin,ISIKC
1175,DAEX,DAX
1176,Beyond Protocol,BP
1177,Raven Protocol,RAVEN
1178,unFederalReserve,eRSDL
1179,SIBCoin,SIB
1180,Bend DAO,BEND
1181,SpaceChain,SPC
1182,Horizon Protocol,HZN
1183,Litecoin Cash,LCC
1184,SpiritSwap,SPIRIT
1185,SAFE DEAL,SFD
1186,BitcoinZ,BTCZ
1187,Lightning,LIGHT
1188,AntiMatter Governance Token,MATTER
1189,0xBitcoin,0xBTC
1190,Catheon Gaming,CATHEON
1191,Geojam Token,JAM
1192,Safe Haven,SHA
1193,iMe Lab,LIME
1194,RioDeFi,RFUEL
1195,Dingocoin,DINGO
1196,Sarcophagus,SARCO
1197,DAFI Protocol,DAFI
1198,Primate,PRIMATE
1199,Cryptocean,CRON
1200,Idle,IDLE
1201,Nebulas,NAS
1202,VeriDocGlobal,VDG
1203,Cryptonovae,YAE
1204,Kambria,KAT
1205,Tarot,TAROT
1206,ROCO FINANCE,ROCO
1207,DuckDaoDime,DDIM
1208,Leeds United Fan Token,LUFC
1209,Blocknet,BLOCK
1210,ThreeFold,TFT
1211,STARSHIP,STARSHIP
1212,KubeCoin,KUBE
1213,New BitShares,NBS
1214,Polytrade,TRADE
1215,Birake,BIR
1216,Mogul Productions,STARS
1217,Matrix AI Network,MAN
1218,Einsteinium,EMC2
1219,EOS Force,EOSC
1220,Swerve,SWRV
1221,Stakeborg DAO,STANDARD
1222,X World Games,XWG
1223,Integral,ITGR
1224,DIGG,DIGG
1225,PornRocket,PORNROCKET
1226,DeepBrain Chain,DBC
1227,CoinMerge (ERC-20),CMERGE
1228,Lightning Bitcoin,LBTC
1229,Databroker,DTX
1230,Spartan Protocol,SPARTA
1231,Cyclub,CYCLUB
1232,MIR COIN,MIR
1233,LuaSwap,LUA
1234,Ripio Credit Network,RCN
1235,EXMO Coin,EXM
1236,Azbit,AZ
1237,Kava Swap,SWP
1238,Monsta Infinite,MONI
1239,Attila,ATT
1240,IBStoken,IBS
1241,SafeMoon Inu,SMI
1242,Raven Protocol,RAVEN
1243,BSCStation,BSCS
1244,ZUSD,ZUSD
1245,Niftyx Protocol,SHROOM
1246,MOVEZ,MOVEZ
1247,DOGGY,DOGGY
1248,Portion,PRT
1249,IQeon,IQN
1250,ArdCoin,ARDX
1251,TOP,TOP
1252,Xaurum,XAUR
1253,TokenClub,TCT
1254,Public Mint,MINT
1255,Genaro Network,GNX
1256,Dentacoin,DCN
1257,Decimated,DIO
1258,UBIX.Network,UBX
1259,Bifrost,BNC
1260,Nexalt,XLT
1261,Ryoshi Token,RYOSHI
1262,WebDollar,WEBD
1263,TENT,TENT
1264,8PAY,8PAY
1265,DoDreamChain,DRM
1266,Throne,THN
1267,PAID Network,PAID
1268,ZeroSwap,ZEE
1269,UniLayer,LAYER
1270,Unbound,UNB
1271,DEEPSPACE,DPS
1272,Gulden,NLG
1273,Vabble,VAB
1274,XY Finance,XY
1275,BlockWallet,BLANK
1276,Rangers Protocol,RPG
1277,HoDooi.com,HOD
1278,SENATE,SENATE
1279,PegNet,PEG
1280,Feathercoin,FTC
1281,ONSTON,ONSTON
1282,King Shiba,KINGSHIB
1283,Achain,ACT
1284,Nabox,NABOX
1285,SmartMesh,SMT
1286,TransferCoin,TX
1287,SeedOn,SEON
1288,HempCoin,THC
1289,DRIFE,DRF
1290,Primecoin,XPM
1291,FIBOS,FO
1292,Gather,GTH
1293,Kommunitas,KOM
1294,Woodcoin,LOG
1295,Integritee Network,TEER
1296,Signata,SATA
1297,RealFevr,FEVR
1298,Green Ben,EBEN
1299,Swop,SWOP
1300,Degenerator Meme,MEME
1301,Binamon,BMON
1302,GameZone,GZONE
1303,Ycash,YEC
1304,Equalizer,EQZ
1305,Hydro Protocol,HOT
1306,Eminer,EM
1307,Waves Enterprise,WEST
1308,Idavoll DAO,IDV
1309,Wagerr,WGR
1310,Wicrypt,WNT
1311,OpenLeverage,OLE
1312,CBC.network,CBC
1313,Pillar,PLR
1314,Zelwin,ZLW
1315,yAxis,YAXIS
1316,Blockchain Monster Hunt,BCMC
1317,Young Boys Fan Token,YBO
1318,Seascape Crowns,CWS
1319,Clube Atl?tico Mineiro Fan Token,GALO
1320,INT,INT
1321,Dexsport,DESU
1322,Davis Cup Fan Token,DAVIS
1323,EXRNchain,EXRN
1324,CryptoBlades,SKILL
1325,Bibox Token,BIX
1326,Binemon,BIN
1327,Billion Happiness,BHC
1328,Ubiq,UBQ
1329,DeepOnion,ONION
1330,EpiK Protocol,EPK
1331,ALLY,ALY
1332,SIRIN LABS Token,SRN
1333,Spheroid Universe,SPH
1334,Egretia,EGT
1335,ADAPad,ADAPAD
1336,BitCore,BTX
1337,FreshCut Diamond,FCD
1338,Crabada,CRA
1339,Unifty,NIF
1340,NFTrade,NFTD
1341,CRYPTO20,C20
1342,Monsterra (MSTR),MSTR
1343,BBS Network,BBS
1344,DOC.COM,MTC
1345,Effect Network,EFX
1346,42-coin,42
1347,TrueFeedBack,TFBX
1348,Cred,LBA
1349,Peony,PNY
1350,SPORT,SPORT
1351,Hot Cross,HOTCROSS
1352,GamesPad,GMPD
1353,CyberVein,CVT
1354,Florin,XFL
1355,Brother Music Platform,BMP
1356,UCA Coin,UCA
1357,?stanbul Ba?ak?ehir Fan Token,IBFK
1358,My DeFi Pet,DPET
1359,Iconic Token,ICNQ
1360,PLATINCOIN,PLC
1361,Fringe Finance,FRIN
1362,PlotX,PLOT
1363,XCarnival,XCV
1364,AcknoLedger,ACK
1365,Tulip Protocol,TULIP
1366,Big Data Protocol,BDP
1367,Nord Finance,NORD
1368,GHOSTPRISM,GHOST
1369,Lympo,LYM
1370,Defina Finance,FINA
1371,carVertical,CV
1372,Vexanium,VEX
1373,TrueChain,TRUE
1374,Revomon,REVO
1375,FairGame,FAIR
1376,SmartCredit Token,SMARTCREDIT
1377,OctoFi,OCTO
1378,NFTY Token,NFTY
1379,ZMINE,ZMN
1380,Metrix Coin,MRX
1381,1-UP Platform,1-UP
1382,Thisoption,TONS
1383,OpenWorld,OPEN
1384,Oddz,ODDZ
1385,WOOF,WOOF
1386,CoinMerge (BEP-20),CMERGE
1387,Jigstack,STAK
1388,Q DAO Governance token v1.0,QDAO
1389,VINchain,VIN
1390,NFTb,NFTB
1391,Everton Fan Token,EFC
1392,SYNC Network,SYNC
1393,AMLT,AMLT
1394,Project TXA,TXA
1395,Kattana,KTN
1396,Oduwacoin,OWC
1397,Eden,EDEN
1398,Sao Paulo FC Fan Token,SPFC
1399,MAX Exchange Token,MAX
1400,Moeda Loyalty Points,MDA
1401,Bismuth,BIS
1402,Cindicator,CND
1403,PANTHEON X,XPN
1404,Decentr,DEC
1405,Bridge Mutual,BMI
1406,FaraLand,FARA
1407,KickToken,KICK
1408,Ekta,EKTA
1409,Loser Coin,LOWB
1410,Unistake,UNISTAKE
1411,Wombat Web 3 Gaming Platform,WOMBAT
1412,Goldcoin,GLC
1413,Tiger King Coin,TKING
1414,HEROcoin,PLAY
1415,Convergence,CONV
1416,Amazy,AZY
1417,Empty Set Dollar,ESD
1418,Graviocoin,GIO
1419,CPChain,CPC
1420,IOI Token,IOI
1421,Idena,IDNA
1422,Universidad de Chile Fan Token,UCH
1423,KamPay,KAMPAY
1424,CyberMiles,CMT
1425,IG Gold,IGG
1426,Sint-Truidense Voetbalvereniging Fan Token,STV
1427,BlackCoin,BLK
1428,ClinTex CTi,CTI
1429,Tranche Finance,SLICE
1430,Furucombo,COMBO
1431,Silva Token,SILVA
1432,Pawtocol,UPI
1433,Botto,BOTTO
1434,Arcona,ARCONA
1435,Zap,ZAP
1436,Conceal,CCX
1437,Don-key,DON
1438,Whiteheart,WHITE
1439,GAMB,GMB
1440,KCCPAD,KCCPAD
1441,Viacoin,VIA
1442,Aurigami,PLY
1443,Bistroo,BIST
1444,ChessCoin,CHESS
1445,Ancient Raid,RAID
1446,Pundi X NEM,NPXSXEM
1447,DAOstack,GEN
1448,Olyverse,OLY
1449,Cat Token,CAT
1450,StrongHands,SHND
1451,ShowHand,HAND
1452,ACENT,ACE
1453,Phoenixcoin,PXC
1454,JulSwap,JULD
1455,Metaverse Dualchain Network Architecture,DNA
1456,X-CASH,XCASH
1457,HiCoin,XHI
1458,Unitrade,TRADE
1459,The Midas Touch Gold,TMTG
1460,Opacity,OPCT
1461,BonusCloud,BXC
1462,VIDY,VIDY
1463,Bitcoin Plus,XBC
1464,SuperLauncher,LAUNCH
1465,Hedget,HGET
1466,Emercoin,EMC
1467,Aeon,AEON
1468,Bitcoin Atom,BCA
1469,High Performance Blockchain,HPB
1470,Aston Villa Fan Token,AVL
1471,Honest,HNST
1472,eXPerience Chain,XPC
1473,Thorstarter,XRUNE
1474,Aston Martin Cognizant Fan Token,AM
1475,DAV Coin,DAV
1476,Kira Network,KEX
1477,TenUp,TUP
1478,SafeBlast,BLAST
1479,Only1,LIKE
1480,NFT,NFT
1481,Mist,MIST
1482,Cyclone Protocol,CYC
1483,Spore,SPORE
1484,AGA Token,AGA
1485,Garlicoin,GRLC
1486,blockbank,BBANK
1487,MIBR Fan Token,MIBR
1488,Duck DAO (DLP Duck Token),DUCK
1489,AICHAIN,AIT
1490,Dexlab,DXL
1491,Revolve Games,RPG
1492,Rhythm,RHYTHM
1493,PUMLx,PUMLX
1494,LinkEye,LET
1495,B-cube.ai,BCUBE
1496,Swace,SWACE
1497,Forj(Bondly),BONDLY
1498,YOYOW,YOYOW
1499,Hyve,HYVE
1500,Alfa Romeo Racing ORLEN Fan Token,SAUBER
1501,Sakura,SKU
1502,YOU COIN,YOU
1503,Pacoca,PACOCA
1504,Strong,STRONG
1505,PetroDollar,XPD
1506,Ryo Currency,RYO
1507,RigoBlock,GRG
1508,Grizzly Honey,GHNY
1509,NewYorkCoin,NYC
1510,Apollon Limassol,APL
1511,Global Social Chain,GSC
1512,UpBots,UBXT
1513,Bird.Money,BIRD
1514,Odyssey,OCN
1515,Upfiring,UFR
1516,HTMLCOIN,HTML
1517,yieldwatch,WATCH
1518,The Crypto Prophecies,TCP
1519,Omni,OMNI
1520,PERI Finance,PERI
1521,Autobahn Network,TXL
1522,Medicalchain,MTN
1523,Millonarios FC Fan Token,MFC
1524,PumaPay,PMA
1525,LOCGame,LOCG
1526,Humaniq,HMQ
1527,Credits,CS
1528,ETHPad,ETHPAD
1529,Pawthereum,PAWTH
1530,CryptoZoon,ZOON
1531,HollyGold,HGOLD
1532,Samsunspor Fan Token,SAM
1533,Zloadr,ZDR
1534,Massnet,MASS
1535,Polker,PKR
1536,Gleec,GLEEC
1537,Hawksight,HAWK
1538,Step?,STEP
1539,LINKA,LINKA
1540,BollyCoin,BOLLY
1541,Crowny,CRWNY
1542,FYDcoin,FYD
1543,Alanyaspor Fan Token,ALA
1544,Stream Protocol,STPL
1545,VIBE,VIBE
1546,BlackHat,BLKC
1547,Elemon,ELMON
1548,Umbrella Network,UMB
1549,SolChicks Token,CHICKS
1550,Jarvis Network,JRT
1551,Impossible Finance,IF
1552,Cornichon,CORN
1553,PUTinCoin,PUT
1554,BitcoinHD,BHD
1555,FedoraCoin,TIPS
1556,AppCoins,APPC
1557,88mph,MPH
1558,ShopNEXT,NEXT
1559,DigitalNote,XDN
1560,Sumokoin,SUMO
1561,Wall Street Games,WSG
1562,Carbon,CRBN
1563,DMarket,DMT
1564,Alliance Fan Token,ALL
1565,PlayFuel,PLF
1566,GeoDB,GEO
1567,DEXA COIN,DEXA
1568,Ixcoin,IXC
1569,Launchblock.com,LBP
1570,LanaCoin,LANA
1571,Kalao,KLO
1572,S4FE,S4F
1573,9D NFT,COGI
1574,Okcash,OK
1575,SpaceFalcon,FCON
1576,Natus Vincere Fan Token,NAVI
1577,HitChain,HIT
1578,Open Platform,OPEN
1579,Swirge,SWG
1580,Oxygen,OXY
1581,Fear,FEAR
1582,Scala,XLA
1583,Golff,GOF
1584,Professional Fighters League Fan Token,PFL
1585,Bitswift,BITS
1586,PieDAO DOUGH v2,DOUGH
1587,PotCoin,POT
1588,Sether,SETH
1589,AgeOfGods,AOG
1590,Virtue Poker,VPP
1591,Yield Optimization Platform & Protocol,YOP
1592,Naka Bodhi Token,NBOT
1593,Heroes Chained,HEC
1594,Internxt,INXT
1595,Plasma Finance,PPAY
1596,Kaby Arena,KABY
1597,TripCandy,CANDY
1598,OceanEx Token,OCE
1599,Opium,OPIUM
1600,Zenfuse,ZEFU
1601,QChi,QCH
1602,SmartCash,SMART
1603,SynchroBitcoin,SNB
1604,Graphlinq Protocol,GLQ
1605,PolkaWar,PWAR
1606,FlypMe,FYP
1607,PhoenixDAO,PHNX
1608,FNDZ,FNDZ
1609,ATLANT,ATL
1610,CyberFi Token,CFi
1611,Soldex,SOLX
1612,omchain,OMC
1613,Litex,LXT
1614,Stably USD,USDS
1615,ChatCoin,CHAT
1616,Gunstar Metaverse,GSTS
1617,XMax,XMX
1618,Scry.info,DDD
1619,Galaxy Blitz,MIT
1620,DeFiner,FIN
1621,Dev Protocol,DEV
1622,SHOPX,SHOPX
1623,xHashtag,XTAG
1624,Hakka.Finance,HAKKA
1625,Genesis Vision,GVT
1626,APIX,APIX
1627,Bread,BRD
1628,Club Atletico Independiente,CAI
1629,Primas,PST
1630,Gravity Finance,GFI
1631,YF Link,YFL
1632,PLANET,PLA
1633,FLIP,FLP
1634,Nuco.cloud,NCDT
1635,Solrise Finance,SLRS
1636,Unicly Hashmasks Collection,UMASK
1637,Game.com,GTC
1638,Levolution,LEVL
1639,DinoX,DNXC
1640,OIN Finance,OIN
1641,Mobility Coin,MOBIC
1642,Crust Shadow,CSM
1643,Team Heretics Fan Token,TH
1644,KIWIGO,KGO
1645,LiquidApps,DAPP
1646,WagyuSwap,WAG
1647,Unido EP,UDO
1648,Skrumble Network,SKM
1649,Synthetify,SNY
1650,Props Token,PROPS
1651,MicroPets,PETS
1652,NextDAO,NAX
1653,DinoSwap,DINO
1654,LiteDoge,LDOGE
1655,Education Ecosystem,LEDU
1656,Moneytoken,IMT
1657,Karbo,KRB
1658,Nafter,NAFT
1659,TigerCash,TCH
1660,Rainbow Token,RAINBOW
1661,AstroSwap,ASTRO
1662,Burency,BUY
1663,DecentraWeb,DWEB
1664,Orbitcoin,ORB
1665,Merculet,MVP
1666,XTRABYTES,XBY
1667,MoneroV,XMV
1668,CannabisCoin,CANN
1669,Galaxy Fight Club,GCOIN
1670,Hush,HUSH
1671,UTU Protocol,UTU
1672,Kcash,KCASH
1673,EUNO,EUNO
1674,Wonderman Nation,WNDR
1675,UREEQA,URQA
1676,Xensor,XSR
1677,Electrify.Asia,ELEC
1678,Hiveterminal Token,HVN
1679,Float Protocol (Bank),BANK
1680,DOSE,DOSE
1681,Helmet.insure,HELMET
1682,Color Platform,CLR
1683,Terracoin,TRC
1684,Vidulum,VDL
1685,Bitgesell,BGL
1686,dAppstore,DAPPX
1687,WeOwn,CHX
1688,STATERA,STA
1689,Essentia,ESS
1690,Centaur,CNTR
1691,Rublix,RBLX
1692,Corra.Finance,CORA
1693,Legia Warsaw Fan Token,LEG
1694,Base Protocol,BASE
1695,LaunchZone,LZ
1696,beFITTER,FIU
1697,Crown,CRW
1698,AtromG8,AG8
1699,OneRoot Network,RNT
1700,Tokenplace,TOK
1701,Plant Vs Undead,PVU
1702,Ruff,RUFF
1703,Famcentral,FAM
1704,Paribus,PBX
1705,Spume Protocol,SPUME
1706,Standard Protocol,STND
1707,ZClassic,ZCL
1708,BankerDoge,BANKER
1709,Vanilla Network,VNLA
1710,FintruX Network,FTX
1711,Atlas Protocol,ATP
1712,BitBall,BTB
1713,Mind Music,MND
1714,Streamity,STM
1715,DMM: Governance,DMG
1716,AmonD,AMON
1717,Beer Money,BEER
1718,2crazyNFT,2CRZ
1719,Bob's Repair,BOB
1720,Breezecoin,BRZE
1721,Blockzero Labs,XIO
1722,adbank,ADB
1723,ownix,ONX
1724,Novara Calcio Fan Token,NOV
1725,AirNFTs,AIRT
1726,EasyFi,EZ
1727,Denarius,D
1728,Wings,WINGS
1729,Triall,TRL
1730,WePower,WPR
1731,Chronicle,XNL
1732,CoinFi,COFI
1733,TronEuropeRewardCoin,TERC
1734,iEthereum,IETH
1735,Safex Cash,SFX
1736,SINOVATE,SIN
1737,EVRYNET,EVRY
1738,Quark,QRK
1739,eBoost,EBST
1740,Dinamo Zagreb Fan Token,DZG
1741,Aitra,AITRA
1742,Venus BCH,vBCH
1743,Cheems,CHEEMS
1744,Falconswap,FSW
1745,Verso,VSO
1746,CUTcoin,CUT
1747,Myriad,XMY
1748,ContentBox,BOX
1749,UniMex Network,UMX
1750,Caspian,CSP
1751,SpaceN,SN
1752,Anchor Neural World,ANW
1753,Decentralized Vulnerability Platform,DVP
1754,X8X Token,X8X
1755,BLink,BLINK
1756,Manna,MANNA
1757,PulsePad,PLSPAD
1758,Aryacoin,AYA
1759,MediShares,MDS
1760,Shadows,DOWS
1761,Kangal,KANGAL
1762,PHI Token,PHI
1763,BitcoinPoS,BPS
1764,Curate,XCUR
1765,Nitro Network,NCash
1766,AnRKey X,$ANRX
1767,eosDAC,EOSDAC
1768,SmileyCoin,SMLY
1769,Darwinia Commitment Token,KTON
1770,Lucretius,LUC
1771,Fabwelt,WELT
1772,OST,OST
1773,TouchCon,TOC
1774,Minswap,MIN
1775,Delphy,DPY
1776,DPRating,RATING
1777,Brokoli Network,BRKL
1778,DATA,DTA
1779,Ares Protocol,ARES
1780,Refinable,FINE
1781,Bezant,BZNT
1782,ASPO World,ASPO
1783,Gamerse,LFG
1784,UBXS Token,UBXS
1785,FRAKT Token,FRKT
1786,CryptEx,CRX
1787,ADAMANT Messenger,ADM
1788,HashBX,HBX
1789,Autonio,NIOX
1790,Governor DAO,GDAO
1791,Typerium,TYPE
1792,UnlimitedIP,UIP
1793,Snetwork,SNET
1794,Drops Ownership Power,DOP
1795,OtterClam Finance,CLAM
1796,AME Chain,AME
1797,Raze Network,RAZE
1798,TurtleCoin,TRTL
1799,Levante U.D. Fan Token,LEV
1800,Team Vitality Fan Token,VIT
1801,Fractal,FCL
1802,Swarm City,SWT
1803,PowerTrade Fuel,PTF
1804,Ideaology,IDEA
1805,Pakcoin,PAK
1806,SiaCashCoin,SCC
1807,DeHive,DHV
1808,Blockpass,PASS
1809,UnMarshal,MARSH
1810,Reward Hunters Token,RHT
1811,AdaSwap,ASW
1812,RealTract,RET
1813,CheckDot,CDT
1814,Add.xyz,ADD
1815,Blockmason Credit Protocol,BCPT
1816,SHIBAVAX,SHIBX
1817,Pepemon Pepeballs,PPBLZ
1818,Maxcoin,MAX
1819,VegaWallet Token,VGW
1820,Swarm Markets,SMT
1821,HYCON,HYC
1822,MyWish,WISH
1823,Hydro,HYDRO
1824,Beaxy,BXY
1825,Sakura Bloom,SKB
1826,MurAll,PAINT
1827,Falcon Project,FNT
1828,AidCoin,AID
1829,Waletoken,WTN
1830,W Green Pay,WGP
1831,Ravencoin Classic,RVC
1832,Link Machine Learning,LML
1833,NFTify,N1
1834,Nerve Finance,NRV
1835,Battle Hero,BATH
1836,MetaverseX,METAX
1837,Cook Finance,COOK
1838,NANJCOIN,NANJ
1839,Elamachain,ELAMA
1840,renDOGE,RENDOGE
1841,DogeCash,DOGEC
1842,Roush Fenway Racing Fan Token,ROUSH
1843,GoWithMi,GMAT
1844,Stake DAO,SDT
1845,Legend of Fantasy War,LFW
1846,Digital Reserve Currency,DRC
1847,TRAVA.FINANCE,TRAVA
1848,Katalyo,KTLYO
1849,Wolf Safe Poor People,WSPP
1850,Motocoin,MOTO
1851,Tap,XTP
1852,ODIN PROTOCOL,ODIN
1853,Basis Cash,BAC
1854,Substratum,SUB
1855,Everex,EVX
1856,Vibing,VBG
1857,The HUSL,HUSL
1858,Lanceria,LANC
1859,Equal,EQL
1860,Lokr,LKR
1861,Spores Network,SPO
1862,Alpha Token,A
1863,Golos Blockchain,GLS
1864,Bean Cash,BITB
1865,RED,RED
1866,Leverj Gluon,L2
1867,Bottos,BTO
1868,xRhodium,XRC
1869,Global Cryptocurrency,GCC
1870,Tycoon,TYC
1871,Dynamix,DYNA
1872,APYSwap,APYS
1873,XP NETWORK,XPNET
1874,Orient Walt,HTDF
1875,SakeToken,SAKE
1876,Coreto,COR
1877,RING X PLATFORM,RINGX
1878,SnowSwap,SNOW
1879,ACCEL,ACCEL
1880,disBalancer,DDOS
1881,WABnetwork,WAB
1882,U Network,UUU
1883,Swarm,SWM
1884,YetiCoin,YETIC
1885,Rune Shards,RXS
1886,OneRare,ORARE
1887,Iridium,IRD
1888,OptionRoom,ROOM
1889,Dragon Kart,KART
1890,BeamSwap,GLINT
1891,Curecoin,CURE
1892,Playcent,PCNT
1893,Polinate,POLI
1894,Ink,INK
1895,ETHA Lend,ETHA
1896,ZUM TOKEN,ZUM
1897,Formation Fi,FORM
1898,Zoracles,ZORA
1899,CryptoSoul,SOUL
1900,FidexToken,FEX
1901,Bitspawn,SPWN
1902,Evedo,EVED
1903,Etherparty,FUEL
1904,Remme,REM
1905,Coinsbit Token,CNB
1906,Titan Coin,TTN
1907,Planet Inverse,XIV
1908,Hashgard,GARD
1909,VIG,VIG
1910,OracleChain,OCT
1911,CoverCompared,CVR
1912,Sator,SAO
1913,Nyzo,NYZO
1914,Cosmo Coin,COSM
1915,Apron Network,APN
1916,Davinci Coin,DAC
1917,Moola,AXPR
1918,Fortuna Sittard Fan Token,FOR
1919,Finxflo,FXF
1920,Friendz,FDZ
1921,CropperFinance,CRP
1922,SugarBounce,TIP
1923,Freicoin,FRC
1924,DOS Network,DOS
1925,Veil,VEIL
1926,Parachute,PAR
1927,Orion Money,ORION
1928,Realio Network,RIO
1929,Save Environment Token,SET
1930,Starbase,STAR
1931,ETNA Network,ETNA
1932,IXT,IXT
1933,Zennies,ZENI
1934,Baanx,BXX
1935,APY.Finance,APY
1936,Tornado,TCORE
1937,4THPILLAR TECHNOLOGIES,FOUR
1938,Finance Blocks,FBX
1939,XcelToken Plus,XLAB
1940,Stox,STX
1941,My Master War,MAT
1942,AudioCoin,ADC
1943,FansTime,FTI
1944,aiRight,AIRI
1945,Cappasity,CAPP
1946,ASKO,ASKO
1947,Etherland,ELAND
1948,ACoconut,AC
1949,ByteNext,BNU
1950,QUINADS,QUIN
1951,Pinkcoin,PINK
1952,Tachyon Protocol,IPX
1953,x42 Protocol,X42
1954,Blue Protocol,BLUE
1955,Tidal Finance,TIDAL
1956,Zebi Token,ZEBI
1957,PIXEL,PXL
1958,Ceres,CERES
1959,NIX,NIX
1960,DomRaider,DRT
1961,Wrapped Gen-0 CryptoKitties,WG0
1962,PRivaCY Coin,PRCY
1963,Birdchain,BIRD
1964,GoldMint,MNTP
1965,BiblePay,BBP
1966,Public Index Network,PIN
1967,Banca,BANCA
1968,TERA,TERA
1969,Patientory,PTOY
1970,FOTA - Fight Of The Ages,FOTA
1971,BUZZCoin,BUZZ
1972,Signature Chain,SIGN
1973,Masari,MSR
1974,IHT Real Estate Protocol,IHT
1975,PlayGame,PXG
1976,CoTrader,COT
1977,Qbao,QBT
1978,PoSW Coin,POSW
1979,Forest Knight,KNIGHT
1980,Content Neutrality Network,CNN
1981,TotemFi,TOTM
1982,Zenswap Network Token,ZNT
1983,VelasPad,VLXPAD
1984,Ubex,UBEX
1985,YFDAI.FINANCE,YF-DAI
1986,Bitstar,BITS
1987,Netko,NETKO
1988,WeTrust,TRST
1989,Double-A Chain,AAC
1990,Jarvis+,JAR
1991,Silver Stonks,SSTX
1992,UGAS,UGAS
1993,OLXA,OLXA
1994,Zeepin,ZPT
1995,DeFi Bids,BID
1996,Shard,SHARD
1997,Faceter,FACE
1998,Zero,ZER
1999,Creaticles,CRE8
2000,Pigeoncoin,PGN
2001,Peanut,NUX
2002,Citadel.one,XCT
2003,Lepasa,LEPA
2004,Bounty0x,BNTY
2005,Bitcoin Green,BITG
2006,ChronoBase,TIK
2007,BitCapitalVendor,BCV
2008,Teloscoin,TELOS
2009,Inex Project,INEX
2010,Gems,GEM
2011,Blockchain Cuties Universe Governance,BCUG
2012,Power Index Pool Token,PIPT
2013,Lead Wallet,LEAD
2014,MEDIA EYE NFT Portal,eYe
2015,BOMB,BOMB
2016,Hertz Network,HTZ
2017,Genesis Shards,GS
2018,Neurotoken,NTK
2019,Royale Finance,ROYA
2020,PolkaDomain,NAME
2021,Actinium,ACM
2022,Webflix Token,WFX
2023,Coldstack,CLS
2024,VisionGame,VISION
2025,PEPS Coin,PEPS
2026,FantomStarter,FS
2027,Zeusshield,ZSC
2028,SoMee.Social [OLD],ONG
2029,Seigniorage Shares,SHARE
2030,BitTube,TUBE
2031,Ancient Kingdom,DOM
2032,Energo,TSL
2033,Bata,BTA
2034,Ninneko,NINO
2035,MenaPay,MPAY
2036,AOK,AOK
2037,Cryptonite,XCN
2038,PWR Coin,PWR
2039,DopeCoin,DOPE
2040,Subme,SUB
2041,Gem Exchange and Trading,GXT
2042,TradeStars,TSX
2043,Neural Protocol,NRP
2044,KeyFi,KEYFI
2045,Mytheria,MYRA
2046,Berry Data,BRY
2047,Novacoin,NVC
2048,Snowball,SNOB
2049,SPINDLE,SPD
2050,Kurrent,KURT
2051,MODEL-X-coin,MODX
2052,ROCKI,ROCKI
2053,Lethean,LTHN
2054,Niobium Coin,NBC
2055,Innovation Blockchain Payment,IBP
2056,MotaCoin,MOTA
2057,Micromines,MICRO
2058,Connectome,CNTM
2059,NearPad,PAD
2060,Paybswap,PAYB
2061,Stobox Token,STBU
2062,AquariusCoin,ARCO
2063,Nsure.Network,NSURE
2064,The Corgi of PolkaBridge,CORGIB
2065,BHO Network,BHO
2066,Donut,DONUT
2067,Enigma,ENG
2068,Cryptopolis,CPO
2069,YEE,YEE
2070,Pivot Token,PVT
2071,MMOCoin,MMO
2072,Indorse Token,IND
2073,Swing,SWING
2074,Rise,RISE
2075,Dracula Token,DRC
2076,Havy,HAVY
2077,Trollcoin,TROLL
2078,Graft,GRFT
2079,GlobalBoost-Y,BSTY
2080,Genesis Worlds,GENESIS
2081,Sypool,SYP
2082,Lendefi,LDFI
2083,FNB Protocol,FNB
2084,CyberMusic,CYMT
2085,Lightstreams,PHT
2086,Pascal,PASC
2087,Arqma,ARQ
2088,BlueCoin,BLU
2089,DAOventures,DVD
2090,InvestFeed,IFT
2091,PluraCoin,PLURA
2092,Auctus,AUC
2093,Kobocoin,KOBO
2094,Bitether,BTR
2095,Trinity Network Credit,TNC
2096,GoldenPyrex,GPYX
2097,Kuverit,KUV
2098,OpenSwap,OSWAP
2099,HashCoin,HSC
2100,Spaceswap MILK2,MILK2
2101,EOS TRUST,EOST
2102,Yield Protocol,YIELD
2103,MakiSwap,MAKI
2104,Polis,POLIS
2105,Eternity,ENT
2106,Origo,OGO
2107,Rage Fan,RAGE
2108,Aluna.Social,ALN
2109,2GIVE,2GIVE
2110,Mettalex,MTLX
2111,Sentinel Chain,SENC
2112,Spaceswap SHAKE,SHAKE
2113,Expanse,EXP
2114,Amon,AMN
2115,Agrello,DLT
2116,Cryptrust,CTRT
2117,Ethereum Gold Project,ETGP
2118,Asch,XAS
2119,Plair,PLA
2120,UNICORN Token,UNI
2121,UniFarm,UFARM
2122,Innova,INN
2123,Hyprr,UDOO
2124,Jade Currency,JADE
2125,Warena,RENA
2126,MarsX,MX
2127,Collateral Pay,COLL
2128,Redpanda Earth,REDPANDA
2129,Elpis Battle,EBA
2130,Tapx,TAP
2131,Freedomcoin,FREED
2132,bAlpha,BALPHA
2133,Chirpley,CHRP
2134,Swap,XWP
2135,Insured Finance,INFI
2136,CoinDeal Token,CDL
2137,IQ.cash,IQ
2138,AMATEN,AMA
2139,EtherGem,EGEM
2140,Switch,ESH
2141,Mochi Market,MOMA
2142,Nerva,XNV
2143,Vox.Finance,VOX
2144,YENTEN,YTN
2145,Rentberry,BERRY
2146,Rigel Protocol,RGP
2147,Vodra,VDR
2148,MesChain,MES
2149,Phore,PHR
2150,DINGO TOKEN,DINGO
2151,WorkQuest Token,WQT
2152,KIMCHI.finance,KIMCHI
2153,Citadel,CTL
2154,Argon,ARGON
2155,EveryCoin,EVY
2156,Bunicorn,BUNI
2157,TagCoin,TAG
2158,Flixxo,FLIXX
2159,Non-Fungible Yearn,NFY
2160,ZENZO,ZNZ
2161,CryptoTycoon,CTT
2162,Cobinhood,COB
2163,Cryptojacks,CJ
2164,Rubies,RBIES
2165,HeroesTD,HTD
2166,EarthFund,1EARTH
2167,Kingdom Game 4.0,KDG
2168,Lithosphere,LITHO
2169,KanadeCoin,KNDC
2170,NativeCoin,N8V
2171,Bolivarcoin,BOLI
2172,Waterfall DeFi,WTF
2173,Tourist Token,TOTO
2174,Beyondfi,BYN
2175,GoByte,GBX
2176,Azuki,AZUKI
2177,Skyrim Finance,SKYRIM
2178,DAPS Coin,DAPS
2179,BBSCoin,BBS
2180,TheForce Trade,FOC
2181,Catex Token,CATT
2182,Shadow Token,SHDW
2183,Coinracer,CRACE
2184,ION,ION
2185,YVS.Finance,YVS
2186,MojoCoin,MOJO
2187,ORAO Network,ORAO
2188,Castweet,CTT
2189,SHIELD,XSH
2190,SeChain,SNN
2191,PKG Token,PKG
2192,HeroFi,HEROEGG
2193,Gourmet Galaxy,GUM
2194,DDKoin,DDK
2195,PiplCoin,PIPL
2196,Ritocoin,RITO
2197,Filecash,FIC
2198,Warp Finance,WARP
2199,uPlexa,UPX
2200,VEKTOR,VEKTOR
2201,Doki Doki Finance,DOKI
2202,NeoNomad,NNI
2203,Jetcoin,JET
2204,Playkey,PKT
2205,BitGuild PLAT,PLAT
2206,Robust Token,RBT
2207,ROAD,ROAD
2208,IGToken,IG
2209,Font,FONT
2210,srnArt Gallery,SACT
2211,BidiPass,BDP
2212,Golden Goose,GOLD
2213,MIB Coin,MIB
2214,TrezarCoin,TZC
2215,Sportcash One,SCONEX
2216,Dogeswap,DOGES
2217,KnoxFS,KFX
2218,Goose Finance,EGG
2219,ZCore,ZCR
2220,SparkPoint Fuel,SFUEL
2221,Lunyr,LUN
2222,keyTango,TANGO
2223,Decentralized Asset Trading Platform,DATP
2224,Axis DeFi,AXIS
2225,Yocoin,YOC
2226,Auxilium,AUX
2227,MicroBitcoin,MBC
2228,MultiCoinCasino,MCC
2229,Celeum,CLX
2230,Bitcoin Confidential,BC
2231,PYRO Network,PYRO
2232,Membrana,MBN
2233,Atmos,ATMOS
2234,COVA,COVA
2235,MONK,MONK
2236,Smartshare,SSP
2237,UpToken,UP
2238,MidasProtocol,MAS
2239,xSigma,SIG
2240,Phoenix Token,PHX
2241,VikkyToken,VIKKY
2242,Bitblocks,BBK
2243,EDUCare,EKT
2244,MELX,MEL
2245,Koi Network,KOI
2246,ClassicDoge,XDOGE
2247,DoYourTip,DYT
2248,Cheesecoin,CHEESE
2249,Centric Swap,CNS
2250,Phoneum,PHT
2251,Smoothy,SMTY
2252,Decentrahub Coin,DCNTR
2253,BlitzPick,XBP
2254,InsaneCoin,INSN
2255,Lition,LIT
2256,Trittium,TRTT
2257,Oikos,OKS
2258,BeatzCoin,BTZC
2259,ShoeFy,SHOE
2260,Synergy,SNRG
2261,Scholarship Coin,SCHO
2262,Samusky,SAMU
2263,Donu,DONU
2264,Italian Lira,ITL
2265,CryptoBonusMiles,CBM
2266,Cubiex,CBIX
2267,FUTURAX,FTXT
2268,Insight Protocol,INX
2269,ArGo,ARGO
2270,Playermon,PYM
2271,CREDIT,CREDIT
2272,Zetacoin,ZET
2273,MicroMoney,AMM
2274,WOWswap,WOW
2275,Aditus,ADI
2276,Savix,SVX
2277,Evil Coin,EVIL
2278,Digitalcoin,DGC
2279,InterCrone,ICR
2280,Chi Gastoken,CHI
2281,Step Finance,STEP
2282,Maecenas,ART
2283,Pancake Bunny,BUNNY
2284,POLKARARE,PRARE
2285,pEOS,PEOS
2286,Timechain Swap Token,TCS
2287,BERNcash,BERN
2288,2local,2LC
2289,Yellow Road,ROAD
2290,BitWhite,BTW
2291,Ubricoin,UBN
2292,LUXCoin,LUX
2293,NeoWorld Cash,NASH
2294,GamyFi Platform,GFX
2295,Rimbit,RBT
2296,Opal,OPAL
2297,Shield Protocol,SHIELD
2298,Xion Finance,XGT
2299,Datamine,DAM
2300,AllSafe,ASAFE
2301,Datarius Credit,DTRC
2302,Vivid Coin,VIVID
2303,BitRewards,BIT
2304,DecentBet,DBET
2305,Po.et,POE
2306,Uptrennd,1UP
2307,Beetlecoin,BEET
2308,Privatix,PRIX
2309,Eroscoin,ERO
2310,Noir,NOR
2311,BonFi,BNF
2312,SkinCoin,SKIN
2313,NFX Coin,NFXC
2314,Block-Logic,BLTG
2315,AFEN Blockchain,AFEN
2316,Lympo Market Token,LMT
2317,DragonVein,DVC
2318,SteepCoin,STEEP
2319,Internet of Energy Network,IOEN
2320,GCN Coin,GCN
2321,StrongHands Masternode,SHMN
2322,ExclusiveCoin,EXCL
2323,Spectre.ai Utility Token,SXUT
2324,Crypto Kombat,KOMBAT
2325,EchoLink,EKO
2326,GoldBlocks,GB
2327,ATBCoin,ATB
2328,CoinAlpha,ALP
2329,Moniwar,MOWA
2330,Alpha Coin,APC
2331,Elysian,ELY
2332,EUNOMIA,ENTS
2333,Zuki Moba,ZUKI
2334,BitCash,BITC
2335,Islander,ISA
2336,Kawaii Islands,KWT
2337,Qrkita Token,QRT
2338,Fivebalance,FBN
2339,Transcodium,TNS
2340,PlatinumBAR,XPTX
2341,Unify,UNIFY
2342,Niftify,NIFT
2343,Crypto Sports Network,CSPN
2344,VAULT,VAULT
2345,WinCash,WCC
2346,Axe,AXE
2347,TrueDeck,TDP
2348,CorionX,CORX
2349,2key.network,2KEY
2350,XPA,XPA
2351,ARAW,ARAW
2352,NevaCoin,NEVA
2353,Blockburn,BURN
2354,Universal Currency,UNIT
2355,EventChain,EVC
2356,DFSocial Gaming,DFSG
2357,Curio,CUR
2358,Scrypta,LYRA
2359,Ormeus Ecosystem,ECO
2360,Global Crypto Alliance,CALL
2361,More Coin,MORE
2362,Startcoin,START
2363,Worldcore,WRC
2364,BEMIL Coin,BEM
2365,Netrum,NTR
2366,Chronologic,DAY
2367,DeFi Degen Land,DDL
2368,Heron Asia,HERON
2369,Rapidz,RPZX
2370,Anoncoin,ANC
2371,Veles,VLS
2372,Nasdacoin,NSD
2373,PureVidz,VIDZ
2374,ELTCOIN,ELTCOIN
2375,MyBit,MYB
2376,Ratecoin,XRA
2377,Indexed Finance,NDX
2378,Taklimakan Network,TAN
2379,Creo Engine,CREO
2380,extraDNA,XDNA
2381,CustomContractNetwork,CCN
2382,Neutron,NTRN
2383,Digitex,DGTX
2384,Wolf Safe Poor People (Polygon),WSPP
2385,ProxyNode,PRX
2386,rASKO,RASKO
2387,Arionum,ARO
2388,Agora,VOTE
2389,Stipend,SPD
2390,SafeInsure,SINS
2391,Ormeus Coin,ORMEUS
2392,CafeSwap Token,BREW
2393,PostCoin,POST
2394,ChartEx,CHART
2395,BLOC.MONEY,BLOC
2396,Deutsche eMark,DEM
2397,Onix,ONX
2398,ICOBID,ICOB
2399,Global Currency Reserve,GCR
2400,FirstCoin,FRST
2401,Arepacoin,AREPA
2402,Landbox,LAND
2403,Knit Finance,KFT
2404,ArbitrageCT,ARCT
2405,ImageCoin,IMG
2406,Step Hero,HERO
2407,Rune,RUNE
2408,GuccioneCoin,GCC
2409,ZPER,ZPR
2410,SORA Validator Token,VAL
2411,1MillionNFTs,1MIL
2412,Alphr finance,ALPHR
2413,VouchForMe,IPL
2414,Theresa May Coin,MAY
2415,ETHplode,ETHPLO
2416,Adzcoin,ADZ
2417,BitBlocks Finance,BBKFI
2418,Kush Finance,KSEED
2419,ZumCoin,ZUM
2420,PayCoin,XPY
2421,Tokenbox,TBX
2422,Desire,DSR
2423,DMScript,DMST
2424,Ormeus Cash,OMC
2425,Kalata,KALA
2426,FuzzBalls,FUZZ
2427,TajCoin,TAJ
2428,Fire Lotto,FLOT
2429,GeyserCoin,GSR
2430,8X8 PROTOCOL,EXE
2431,Knight War - The Holy Trio,KWS
2432,The Currency Analytics,TCAT
2433,Ccore,CCO
2434,Coin2.1,C2
2435,SparksPay,SPK
2436,Centurion,CNT
2437,Akroma,AKA
2438,Herbalist Token,HERB
2439,BoutsPro,BOUTS
2440,3DCoin,3DC
2441,Eurocoin,EUC
2442,BitSend,BSD
2443,Escroco Emerald,ESCE
2444,Rewardiqa,REW
2445,Decentralized Crypto Token,DCTO
2446,BoatPilot Token,NAVY
2447,SolanaSail Governance Token,GSAIL
2448,Rivetz,RVT
2449,Innovative Bioresearch Coin,INNBC
2450,EvenCoin,EVN
2451,ZeusNetwork,ZEUS
2452,Civitas,CIV
2453,MustangCoin,MST
2454,Arbidex,ABX
2455,Gaj Finance,GAJ
2456,GlobalToken,GLT
2457,BSClaunch,BSL
2458,Gossip Coin,GOSS
2459,Kineko,KKO
2460,PosEx,PEX
2461,Bitcoin Adult,BTAD
2462,Rupee,RUP
2463,BowsCoin,BSC
2464,Beacon,BECN
2465,Luna Rush,LUS
2466,DEJAVE,DJV
2467,MedicCoin,MEDIC
2468,FinNexus,FNX
2469,Bitvolt,VOLT
2470,QUAI DAO,QUAI
2471,Multiplier,MXX
2472,Knekted,KNT
2473,FantasyGold,FGC
2474,Shivers,SHVR
2475,Phantomx,PNX
2476,Bitcoin Incognito,XBI
2477,StarterCoin,STAC
2478,HeartBout,HB
2479,Kind Ads Token,KIND
2480,AmsterdamCoin,AMS
2481,EveriToken,EVT
2482,EDRCoin,EDRC
2483,Bela,BELA
2484,ACA Token,ACA
2485,Dreamcoin,DRM
2486,TRAXIA,TM2
2487,Crypto Piece,BELLY
2488,Carebit,CARE
2489,HyperAlloy,ALLOY
2490,KUN,KUN
2491,ParkByte,PKB
2492,Horde,HOR
2493,YoloCash,YLC
2494,ModiHost,AIM
2495,Defis,XGM
2496,Acoin,ACOIN
2497,Blocktix,TIX
2498,Kwikswap Protocol,KWIK
2499,Quantis Network,QUAN
2500,Datacoin,DTC
2501,Ignition,IC
2502,Bitcoin 21,XBTC21
2503,DraftCoin,DFT
2504,Gene Source Code Chain,GENE
2505,X-Coin,XCO
2506,SCRIV NETWORK,SCRIV
2507,SpeedCash,SCS
2508,Dollarcoin,DLC
2509,PAYCENT,PYN
2510,CrevaCoin,CREVA
2511,GenesisX,XGS
2512,Xuez,XUEZ
2513,Thore Cash,TCH
2514,Twinci,TWIN
2515,Californium,CF
2516,Bonpay,BON
2517,S.Finance,SFG
2518,SpreadCoin,SPR
2519,FUZE Token,FUZE
2520,SongCoin,SONG
2521,SkyHub Coin,SHB
2522,Cabbage,CAB
2523,Zayedcoin,ZYD
2524,iBTC,IBTC
2525,Litecred,LTCR
2526,HOMIHELP,HOMI
2527,ALL BEST ICO,ALLBI
2528,Bitcoin Classic,BXC
2529,Veltor,VLT
2530,Big Digital Shares,BDS
2531,Cream,CRM
2532,Streamit Coin,STREAM
2533,Independent Money System,IMS
2534,Quebecoin,QBC
2535,Kemacoin,KEMA
2536,TravelNote,TVNT
2537,Exosis,EXO
2538,Electrum Dark,ELD
2539,Dynamite,DYNMT
2540,ZINC,ZINC
2541,Pyrk,PYRK
2542,BitCoal,COAL
2543,Matrexcoin,MAC
2544,Prime-XI,PXI
2545,ARbit,ARB
2546,Martkist,MARTK
2547,Gold Poker,GPKR
2548,IFX24,IFX24
2549,XOVBank,XOV
2550,Elementeum,ELET
2551,DNotes,NOTE
2552,Klimatas,KTS
2553,VectorAI,VEC2
2554,Comet,CMT
2555,LCMS,LCMS
2556,Depth Token,DEP
2557,Guider,GDR
2558,High Voltage,HVCO
2559,PLNcoin,PLNC
2560,NestEGG Coin,EGG
2561,Infinity Esaham,INFS
2562,Multiplier,BMXX
2563,SafeCapital,SCAP
2564,GoHelpFund,HELP
2565,Aigang,AIX
2566,Apollon,XAP
2567,CRDT,CRDT
2568,Mobile Crypto Pay Coin,MCPC
2569,Joint Ventures,JOINT
2570,HeroFi (ROFI),ROFI
2571,XDNA,XDNA
2572,iBank,IBANK
2573,Cubiex Power,CBIX-P
2574,Cannation,CNNC
2575,JavaScript Token,JS
2576,EnterCoin,ENTRC
2577,LitecoinToken,LTK
2578,Merebel,MERI
2579,Paypex,PAYX
2580,Mate,MATE
2581,Mesefa,SEFA
2582,ECOSC,ECU
2583,Rigel Finance,RIGEL
2584,SocialCoin,SOCC
2585,Coinonat,CXT
2586,SF Capital,SFCP
2587,Scanetchain,SWC
2588,LiteCoin Ultra,LTCU
2589,Wild Beast Block,WBB
2590,STRAKS,STAK
2591,Iconic,ICON
2592,ITO Utility Token,IUT
2593,Dash Green,DASHG
2594,Crystal Token,CYL
2595,Save and Gain,SANDG
2596,Concoin,CONX
2597,KZ Cash,KZC
2598,Blizzard Network,BLIZZ
2599,Helpico,HELP
2600,Argus,ARGUS
2601,PonziCoin,PONZI
2602,Feellike,FLL
2603,Dinero,DIN
2604,Aeron,ARNX
2605,GokuMarket Credit,GMC
2606,Halving Token,HALV
2607,Diligence,IRA
2608,Staker,STR
2609,Storeum,STO
2610,Bulleon,BUL
2611,Abulaba,AAA
2612,Trexcoin,TREX
2613,Fabric,FAB
2614,Nibble,NBXC
2615,CryptoPlanes,CPAN
